A1-J	A
A1-J1	A
A1a-J	Aa
A1a-J1	Aa
C1-J	C
C1-J1	C
B1-J	B
B1-J1	B
E1-J	E
E1-J1	E
E1-J2	E
F1-J	F
F1-J1	F
F2-J	F
G1-J	G
G1-J1	G
G2-J	G
G2-J1	G
H1-J	H
H1-J1	H
H2-J	H
A1m-J	Am
A1m-J1	Am
A1am-J	Aam
A1am-J1	Aam
C1m-J	Cm
C1m-J1	Cm
B1m-J	Bm
B1m-J1	Bm
E1m-J	Em
E1m-J1	Em
E1m-J2	Em
F1m-J	Fm
F1m-J1	Fm
F2m-J	Fm
G1m-J	Gm
G1m-J1	Gm
G2m-J	Gm
G2m-J1	Gm
H1m-J	Hm
H1m-J1	Hm
H2m-J	Hm
D1	D
D1m	Dm
A1-I	A
A1-I1	A
A1a-I	Aa
A1a-I1	Aa
A1am-I	Aam
A1am-I1	Aam
A1m-I	Am
A1m-I1	Am
B1-I	B
B1-I1	B
B1m-I	Bm
B1m-I1	Bm
C1-I	C
C1-I1	C
C1m-I	Cm
C1m-I1	Cm
E1-I	E
E1-I1	E
E1-I2	E
E1m-I	Em
E1m-I1	Em
E1m-I2	Em
F1-I	F
F1-I1	F
F1m-I	Fm
F1m-I1	Fm
F2-I	F
F2m-I	Fm
G1-I	G
G1-I1	G
G1m-I	Gm
G1m-I1	Gm
G2-I	G
G2-I1	G
G2m-I	Gm
G2m-I1	Gm
H1-I	H
H1-I1	H
H1m-I	Hm
H1m-I1	Hm
H2-I	H
H2m-I	Hm
